,contact_id,first_name,last_name,email
0,4661,Cecilia,Velasco,cecilia.velasco@rodrigues.fr
1,3765,Mariana,Ellis,riana.ellis@rossi.org
2,4187,Sofie,Woods,sofie.woods@riviere.co
3,4941,Jeanette,Iannotti,jeanette.iannotti@yahoo.co
4,2199,Samuel,Sorgatz,samuel.sorgatz@gmail.co
5,5650,Socorro,Lu,socorro.luna@hotmail.co
6,5889,Carolina,Murray,carolina.murray@knight.co
7,4842,Kayla,Moo,kayla.moon@yahoo.d
8,3280,Ariadna,Geisel,riadna.geisel@rangel.co
9,5468,Danielle,Ladeck,danielle.ladeck@scalfaro.net
10,3064,Tatiana,Thompso,tatiana.thompson@hunt.net
11,4904,Caleb,Benavides,caleb.benavides@rubio.co
12,1299,Sandra,Hardy,sandra.hardy@web.d
13,5602,Lotti,Morris,otti.morris@yahoo.co.uk
14,5753,Reinhilde,Whit,reinhilde.white@voila.fr
15,4495,Kerry,Patel,kerry.patel@hutchinson.co
16,4269,Sophie,Antoi,sophie.antoine@andersen.co
17,2226,Martha,Girard,rtha.girard@web.d
18,1558,Stephanie,King,stephanie.king@cervantes.co
19,2307,Amanda,Palmer,nda.palmer@didier.fr
20,2900,Lina,Alcal,na.alcala@vespa.net
21,5695,Itzel,Murphy,tzel.murphy@muelichen.d
22,5708,Filippo,Parry,filippo.parry@live.co
23,1663,Katelyn,Col,katelyn.cole@fiebig.co
24,3605,Brian,Novak,brian.novak@ford.net
25,4678,Cilly,Gay,cilly.gay@callegaro.it
26,2251,Yolanda,Snyder,yolanda.snyder@gmx.d
27,6202,Evelin,Odonnell,velin.odonnell@ibarra.net
28,3715,Ingeborg,Alb,ngeborg.alba@hotmail.co
29,4242,Marina,Madrid,rina.madrid@galarza-alba.co
30,4326,Sheila,Goodwi,sheila.goodwin@yahoo.co
31,5560,Valeria,Rich,valeria.rich@turchetta-mondadori.it
32,4002,Dustin,Camacho,dustin.camacho@rhodes.org.au
33,3813,Amalia,Marenzio,.marenzio@grupo.co
34,5336,Gian,Long,gian.long@hotmail.co
35,4994,Stewart,Hunt,stewart.hunt@anderson-vargas.biz
36,1471,Greca,Ruiz,greca.ruiz@carr.co.uk
37,4482,Gerald,Oliver,gerald.olivera@outlook.co
38,3241,Jaqueline,Wallac,jaqueline.wallace@gmail.co
39,3477,John,L,john.lane@gregoire.fr
40,2265,Pero,Joly,pero.joly@bernard.net
41,5911,Chad,Turner,chad.turner@gmail.co
42,2288,Adam,Zaval,dam.zavala@guichard.fr
43,4064,Tyler,River,tyler.rivera@guajardo-ozuna.co
44,1294,Jens,Grah,jens.graham@jones-buckley.co
45,5008,Virginia,Caetani,virginia.caetani@sosa.biz
46,3604,Martino,Wagner,rtino.wagner@laposte.net
47,3263,Martin,Meyer,rtin.meyer@davis.co.uk
48,5631,Marguerite,Walls,rguerite.walls@martinez.fr
49,2851,Peter,Vogt,peter.vogt@yahoo.co
50,3714,Nicholas,Christi,nicholas.christian@hotmail.d
51,1664,Susi,Steinberg,susi.steinberg@preiss.co
52,5027,Tammy,Ramazzotti,tammy.ramazzotti@gmail.co
53,3070,Abdul,Thomas,bdul.thomas@vasari.co
54,4248,Justin,Luxardo,justin.luxardo@googlemail.co
55,2034,Antonio,Gibso,ntonio.gibson@faust.net
56,4085,Jeremy,Gomez,jeremy.gomez@oconnor.org
57,3569,Raymond,Solorzano,raymond.solorzano@gmail.co
58,3889,Flora,Harris,flora.harris@hotmail.com.au
59,3136,Cheryl,Boyd,cheryl.boyd@segni.it
60,2103,Rhys,Leiv,rhys.leiva@gmx.d
61,2329,Mariano,Prieto,riano.prieto@vodafone.it
62,3325,Laurie,Fibonacci,urie.fibonacci@gmail.co
63,3131,David,Rudolph,david.rudolph@nelson.co
64,4995,Bryan,Ross,bryan.ross@yahoo.co
65,3631,Ubaldo,Brow,ubaldo.brown@philippe.co
66,5373,Clelia,Faulkner,clelia.faulkner@hotmail.co
67,3126,Sara,Erickso,sara.erickson@yahoo.d
68,2194,Rupert,Vall,rupert.valle@filogamo.it
69,2906,Puccio,Kitz,puccio.kitzmann@yahoo.co
70,2611,Thomas,Hutchinso,thomas.hutchinson@gmx.d
71,2374,Abelardo,Castro,belardo.castro@gmail.co
72,3254,Greco,Walker,greco.walker@yahoo.co
73,3571,Miranda,Lacomb,randa.lacombe@longoria-vanegas.net
74,2812,Diana,Schuchhardt,diana.schuchhardt@libero.it
75,3961,Stacey,Knox,stacey.knox@corporacin.co
76,3872,Glen,Faivr,glen.faivre@yahoo.co
77,4736,Andrew,Torres,ndrew.torres@ruiz-torres.org
78,5119,Denny,Fritz,denny.fritz@despacho.biz
79,5725,Martyn,Calder,rtyn.caldera@hotmail.co.uk
80,4037,Abigail,Foster,bigail.foster@taylor.net
81,2109,Anthony,Hauffer,nthony.hauffer@tlustek.org
82,3283,Roger,Gerlach,roger.gerlach@may-mitchell.co.uk
83,6181,Christopher,Poirier,christopher.poirier@hotmail.co
84,3251,Branka,Traor,branka.traore@jacobi.co
85,3443,Briana,Eti,briana.etienne@bishop-coates.co
86,2988,Brandon,Olso,brandon.olson@prince-moreno.net
87,1673,Celia,Ungaretti,celia.ungaretti@fox.co
88,2085,Barbara,Guibert,barbara.guibert@casares-sanches.co
89,1672,Daniela,Bell,daniela.bell@vollbrecht.org
90,4426,Phyllis,Gurul,phyllis.gurule@rodriguez-pham.co
91,3211,Alejandra,Joseph,jandra.joseph@escalante-abrego.biz
92,3190,Giulio,Bohlander,giulio.bohlander@dbmail.co
93,2081,Amber,Weller,ber.weller@toso.eu
94,3185,Mary,Etzold,ry.etzold@conrad-harrison.co
95,5044,Amy,Georges,y.georges@raedel.d
96,1883,Jennifer,Giraud,jennifer.giraud@yahoo.co
97,2067,Rosie,Peltier,rosie.peltier@voila.fr
98,4604,Oreste,Ward,oreste.ward@proyectos.co
99,3203,Luis,Edwards,uis.edwards@live.co
100,5758,Fiona,Griffiths,fiona.griffiths@curatoli-verdone.it
101,5755,Sally,Ray,sally.raya@tarchetti.it
102,5150,Carolyn,Charpentier,carolyn.charpentier@hotmail.d
103,4181,Nathalie,Alvarez,nathalie.alvarez@live.co
104,3006,Abril,Lowery,bril.lowery@novak.net
105,4865,Ottone,Sulliv,ottone.sullivan@hussain-kaur.co
106,2862,Esmeralda,Solli,smeralda.sollima@visintini.it
107,6070,Silvia,Gierschner,silvia.gierschner@tele2.it
108,5300,Kyle,Cunningh,kyle.cunningham@voila.fr
109,3486,Anel,Carpentier,nel.carpentier@klein-joseph.org
110,5989,Sarah,Davis,sarah.davis@david.co
111,2849,Luke,Klei,uke.klein@hotmail.co
112,1612,Gudrun,Mueller,gudrun.mueller@dillon-fuller.info
113,3307,Melissa,Canali,ssa.canali@libero.it
114,5288,Gabrielle,Ayal,gabrielle.ayala@hotmail.co
115,6026,Laura,Buckley,ura.buckley@ryan.org
116,2212,Wilfrido,Lorch,wilfrido.lorch@leclerc.fr
117,4591,Robert,Bruder,robert.bruder@manzoni.co
118,2771,Phillip,Soliz,phillip.soliz@outlook.co
119,5682,Alex,Smith,x.smith@fournier.fr
120,5368,Jessica,Martinez,jessica.martinez@salieri.co
121,3706,Kelly,Carter,kelly.carter@hotmail.com.au
122,4034,Ahmad,Sos,hmad.sosa@gmail.co
123,3209,Toralf,Iglesias,toralf.iglesias@borrego.co
124,2384,Irene,Anichini,rene.anichini@yahoo.co
125,3074,Alicia,Cainero,cia.cainero@yahoo.co
126,2031,Tracey,Laboy,tracey.laboy@bell.biz
127,5873,Donald,Reynaud,donald.reynaud@green.edu.au
128,5501,Venancio,Stadel,venancio.stadelmann@gmx.d
129,3489,Seth,Olivier,seth.olivier@yahoo.co
130,4210,Dennis,Boag,dennis.boaga@gmx.d
131,6151,Pedro,Wilso,pedro.wilson@outlook.co
132,6047,Roland,Weih,roland.weihmann@gmail.co
133,5445,Hector,Morriso,hector.morrison@web.d
134,5493,Evangelos,Peters,vangelos.peters@sanchez.net
135,6036,Gerardo,Hamilto,gerardo.hamilton@libero.it
136,2368,Meta,Cuzzocr,ta.cuzzocrea@howard-jensen.org
137,1501,Alma,Raymond,.raymond@tin.it
138,4351,Kathleen,Soli,kathleen.solimena@wallace.biz
139,3096,Zacharie,Cordier,zacharie.cordier@gmail.co
140,6162,Riza,Techer,riza.techer@yahoo.co
141,1433,Enrique,Guill,nrique.guillen@hotmail.co.uk
142,2720,Tristan,Weeks,tristan.weeks@pena.co
143,5251,Natalie,Ler,natalie.lerma@boucher.co
144,1797,Rodney,Hamo,rodney.hamon@hotmail.co
145,1656,Adalberto,Lombardo,dalberto.lombardo@sfr.fr
146,1346,Florencia,Querini,florencia.querini@gmail.co
147,2989,Liam,Rolland,.rolland@yahoo.fr
148,5629,Ian,Kelly,n.kelly@reeves.com.au
149,3456,Mehdi,Todd,hdi.todd@web.d
150,3229,Rembrandt,Liguori,rembrandt.liguori@davis.org
151,2277,Irmi,Schweitzer,rmi.schweitzer@ozuna.co
152,1276,Gioffre,Stei,gioffre.stein@hotmail.com.au
153,3694,Frida,Villarreal,frida.villarreal@hotmail.d
154,2260,Steffen,Mangold,steffen.mangold@paul.net
155,5374,Elias,Mari,s.marin@herve.net
156,4420,Roman,Gonzalez,roman.gonzalez@anderson.net
157,3849,Reina,Middleto,reina.middleton@hotmail.co
158,1638,Sandro,Mor,sandro.moran@hotmail.d
159,5230,Gebhard,Thanel,gebhard.thanel@gmail.co
160,1763,Antonino,Bolander,ntonino.bolander@gmail.co
161,4323,Karl,Trevisani,karl.trevisani@anguissola.it
162,5256,Silvester,Brookes,silvester.brookes@franco.org
163,4836,Octavio,Pratt,octavio.pratt@web.d
164,5981,Rebecca,Greer,rebecca.greer@hotmail.co
165,1463,Pierina,Gaggini,pierina.gaggini@free.fr
166,4577,Robin,Schleich,robin.schleich@rogers-barrera.biz
167,4951,Sergio,Abbott,sergio.abbott@moore.net.au
168,3567,Gilberto,Evans,gilberto.evans@salcedo-archuleta.net
169,5475,James,Elliott,james.elliott@gmail.co
170,2114,Timoteo,Bolnbach,timoteo.bolnbach@laboratorios.co
171,5216,Tonino,Stanley,tonino.stanley@hotmail.co
172,1665,Margaretha,Murialdo,rgaretha.murialdo@meunier.co
173,6051,Bianca,Drubi,bianca.drubin@libero.it
174,3983,Kaylee,Hoff,kaylee.hoffmann@poulain.co
175,2966,Teresa,Vecellio,teresa.vecellio@yahoo.co
176,4478,Emine,Tacchini,ne.tacchini@dbmail.co
177,4238,Dawn,Cortez,dawn.cortez@gmail.co
178,4404,Emily,Cundari,y.cundari@clark.com.au
179,5666,Eleanor,Hall,nor.hall@hotmail.co
180,3691,Monique,Delgadillo,onique.delgadillo@hotmail.co.uk
181,2703,Arnaude,Warner,rnaude.warner@gmail.co
182,4253,Jason,Howell,jason.howell@gmx.d
183,5652,Nicole,Mccullough,nicole.mccullough@hall.co
184,3279,Rosmarie,Esquibel,rosmarie.esquibel@bouygtel.fr
185,3233,Leonor,Ferreir,onor.ferreira@gmail.co
186,3017,Brett,Jones,brett.jones@alice.it
187,3482,Nino,Bi,nino.bien@gmail.co
188,2166,Jemma,Tat,jemma.tate@hotmail.d
189,4146,Denis,Rogers,denis.rogers@poste.it
190,2651,Vanesa,Kh,vanesa.khan@voila.fr
191,1409,Victoria,Ojed,victoria.ojeda@doehn.co
192,3717,Eugenio,Marti,ugenio.martin@yahoo.d
193,3963,Nancy,Hayes,nancy.hayes@hotmail.co
194,2152,Lara,Jacob,ra.jacob@buckley.org
195,2974,Gino,Hernandez,gino.hernandez@covarrubias.co
196,1268,Vicente,Tijeri,vicente.tijerina@montanariello.co
197,1822,Michele,Brambill,chele.brambilla@yahoo.co
198,5066,Dana,Ritacc,dana.ritacca@gmail.co
199,5075,Mitchell,Bach,tchell.bachmann@suarez-cruz.co
200,3855,Vincenza,Key,vincenza.key@adams.co
201,5923,Salvador,Gaillard,salvador.gaillard@yahoo.d
202,1867,Diane,Rogner,diane.rogner@kelly.co.uk
203,4376,Josette,Lai,josette.laine@saracino-parisi.net
204,2785,Courtney,Fiebig,courtney.fiebig@doerschner.co
205,5884,Hugues,Oliver,hugues.oliver@stiffel.co
206,2441,Espartaco,Willis,spartaco.willis@hotmail.co
207,1243,Flavia,Yoder,flavia.yoder@hotmail.d
208,3411,Casey,Flores,casey.flores@baggio.org
209,2467,Calogero,Cross,calogero.cross@mercantini.it
210,1850,Charles,Begu,charles.begum@laboratorios.info
211,2604,Adina,Pollard,dina.pollard@outlook.co
212,1693,Natasha,Lar,natasha.lara@outlook.co
213,2969,Benita,Pottier,benita.pottier@sfr.fr
214,1544,Elizabeth,Valdivi,zabeth.valdivia@gmail.co
215,4149,Mattia,Huet,ttia.huet@aol.d
216,3463,Geza,Howard,geza.howard@voila.fr
217,2939,Lauren,Guillau,uren.guillaume@sorgatz.org
218,2202,Joanna,Baxter,joanna.baxter@bruce-wright.co
219,1728,Tracy,Metz,tracy.metz@bryant.info
220,5362,Birgit,P,birgit.pena@armellini.it
221,4840,Elvira,Papafav,vira.papafava@ifrance.co
222,2955,Ernest,Delor,rnest.delorme@dowerg.d
223,5354,Christy,Grossi,christy.grossi@alarcon-tafoya.co
224,3847,Hermelinda,Olmos,hermelinda.olmos@portillo.co
225,3025,Herbert,Fraser,herbert.fraser@holloway.org.au
226,1615,Giancarlo,Heydrich,giancarlo.heydrich@hotmail.co
227,5154,Constance,Maldonado,constance.maldonado@spiess.net
228,5005,Giampiero,Carlier,giampiero.carlier@hotmail.co
229,1349,Carlo,Jacquot,carlo.jacquot@hotmail.co
230,3670,Gabriel,Robles,gabriel.robles@yahoo.co
231,2912,Gerd,Gunpf,gerd.gunpf@gmail.co
232,4336,Ashley,Hellwig,shley.hellwig@libero.it
233,5576,Patrick,Rosas,patrick.rosas@yahoo.co
234,2736,Lilla,Leonard,.leonard@jungfer.co
235,3321,Tony,Nicolas,tony.nicolas@morrocco-seddio.net
236,3353,Allegra,Benedetti,gra.benedetti@miller.co
237,2336,Camille,Tafuri,camille.tafuri@aol.d
238,4369,Juan,Wheeler,juan.wheeler@gilmore.net
239,4464,Leopoldo,Johnso,opoldo.johnson@hotmail.com.au
240,5626,Dietmar,Grenier,dietmar.grenier@tele2.it
241,1669,Leonid,Scholl,onid.scholl@collin.co
242,5544,Olivie,Contarini,olivie.contarini@marshall-wright.biz
243,6078,Jeffery,Lacroix,jeffery.lacroix@medina.org
244,2580,Edeltraud,Chavez,deltraud.chavez@hotmail.com.au
245,3592,Mesut,Morv,sut.morvan@gmail.co
246,4914,Gregory,Jackso,gregory.jackson@ortiz.co
247,3848,Nicola,Rossi,nicola.rossi@berry.org
248,2619,Eddie,Collazo,ddie.collazo@gmail.co
249,4605,Philippe,Gardner,philippe.gardner@howells-jones.net
250,6147,Roy,Fox,roy.fox@tejeda.co
251,1383,Heiderose,Garci,heiderose.garcia@noos.fr
252,1757,Claudine,Rowley,claudine.rowley@industrias.co
253,4390,Astrid,Roht,strid.roht@fastwebnet.it
254,4165,Auguste,Burnett,uguste.burnett@yahoo.fr
255,4529,Pellegrino,All,pellegrino.allen@gmail.co
256,6084,Angela,Bowers,ngela.bowers@laboratorios.co
257,2916,Michael,Descamps,chael.descamps@gmail.co
258,2005,Heidelore,Kennedy,heidelore.kennedy@guinizzelli.org
259,2261,Lucrezia,Koch,ucrezia.koch@petit.co
260,5342,Ivan,Accardo,van.accardo@web.d
261,4087,Karen,Avogadro,karen.avogadro@yahoo.co
262,2761,Laetitia,Gallet,titia.gallet@aubry.org
263,2908,Amico,Gosseli,co.gosselin@shaw.info
264,2155,Ilaria,Bow,ria.bowen@hotmail.it
265,5642,Marlen,Coardi,rlen.coardi@colletti.eu
266,6217,Rafael,Alexander,rafael.alexander@jenkins.co
267,4222,Herma,Gabb,herma.gabbana@hotmail.co
268,4798,Zachary,Vespucci,zachary.vespucci@industrias.co
269,5660,Marisol,Richard,risol.richard@gmail.co
270,5000,Joseph,Glover,joseph.glover@laposte.net
271,2809,Lauretta,Neal,uretta.neal@hotmail.d
272,3349,Simone,Sauvag,simone.sauvage@yahoo.co
273,3647,Ramona,Brooks,ramona.brooks@kensy.d
274,5745,Gioele,Schwital,gioele.schwital@moody.co
275,2583,Elena,Jimenez,na.jimenez@yahoo.com.au
276,5441,Pam,Vargas,pam.vargas@guillot.net
277,2090,Alison,Morales,son.morales@lewis.co
278,3386,Marc,Au,rc.aumann@holland.co
279,1816,Carla,Butler,carla.butler@yahoo.co
280,4718,Dionigi,Bruc,dionigi.bruce@industrias.co
281,1677,Frank,Henry,frank.henry@yahoo.co
282,4218,Brent,Pons,brent.pons@proyectos.net
283,4548,Patricia,Liebelt,patricia.liebelt@baca.org
284,1431,Micheletto,Sykes,cheletto.sykes@thompson-thompson.co
285,2830,Rose,Blanc,rose.blanc@grupo.co
286,4400,Vincent,Singh,vincent.singh@gmail.co
287,5773,Jamie,Peacock,jamie.peacock@interiano-nordio.co
288,4161,Giorgia,Dijoux,giorgia.dijoux@paul.co
289,2062,Serena,Piacentini,serena.piacentini@yahoo.d
290,3458,Dimitri,Posad,dimitri.posada@gmail.co
291,3174,Alexa,Barillaro,xa.barillaro@ramos.net
292,5565,Megan,Kuhl,gan.kuhl@despacho.co
293,1906,Kaitlyn,Farinelli,kaitlyn.farinelli@outlook.co
294,5479,Jonathan,Castellitto,jonathan.castellitto@libero.it
295,4320,Lisa,Terragni,sa.terragni@proyectos.co
296,4213,Olivier,Petrucelli,olivier.petrucelli@letta-raurica.eu
297,3373,Jos,Trobbiani,jos.trobbiani@samson.co
298,4184,Mirjam,Dawso,rjam.dawson@yahoo.co
299,5472,Javier,Tessier,javier.tessier@mclaughlin.biz
300,5559,Mirjana,Collins,rjana.collins@hotmail.co
301,5419,Vanessa,Tschentscher,vanessa.tschentscher@mitchell.co
302,4171,Antonina,Cobb,ntonina.cobb@gibson.org
303,1302,Bernard,Durand,bernard.durand@royer.co
304,3520,Corey,Greggio,corey.greggio@johnson.org.au
305,6010,Rodolfo,Couturier,rodolfo.couturier@tim.it
306,4617,Pierre,Cardenas,pierre.cardenas@luzi-bonomo.eu
307,1417,Romeo,Suri,romeo.surian@batista.co
308,4770,Ivo,Moreno,vo.moreno@hotmail.co
309,4328,Federico,Mari,federico.marie@jourdan.fr
310,5171,Maggie,Boito,ggie.boito@yahoo.co
311,4394,Brianna,Hanso,brianna.hanson@stanley.co
312,1794,Heiko,Bourgeois,heiko.bourgeois@togliatti.co
313,3510,Benito,Gritti,benito.gritti@gmail.co
314,2487,Mitzy,Junk,tzy.junk@zaragoza.co
315,2215,Samantha,Low,samantha.lowe@praga.it
316,4136,Ernesto,Nerger,rnesto.nerger@middleton.co.uk
317,3723,Melinda,Canov,nda.canova@orange.fr
318,5842,Mohammad,Hartung,ohammad.hartung@hotmail.co
319,3289,Ben,Maillot,ben.maillot@ramos.net
320,1249,Isabel,Pruschk,sabel.pruschke@gmail.co
321,5409,Linda,Franceschi,nda.franceschi@richards.net
322,2951,Olivia,Striebitz,olivia.striebitz@gmail.co
323,3432,Penny,Watso,penny.watson@matthews.net
324,2297,Manfred,James,nfred.james@davies.org
325,6161,Hazel,Pierc,hazel.pierce@outlook.co
326,4603,Alf,Bates,f.bates@dunn.co
327,5818,Scott,Gough,scott.gough@industrias.co
328,4270,Konrad,Briones,konrad.briones@fierro.co
329,6007,Mathilde,Kruschwitz,thilde.kruschwitz@yahoo.co
330,4084,Irma,Gemito,rma.gemito@googlemail.co
331,1340,Antoine,Guyo,ntoine.guyon@yahoo.co
332,5675,William,Gibilisco,william.gibilisco@gaillard.co
333,2010,Judith,Butt,judith.butte@fischer-vaughn.info
334,6201,Joanne,Henderso,joanne.henderson@gmail.co
335,1791,Ludovica,Arellano,udovica.arellano@morandi-argento.co
336,3314,Catherine,Gray,catherine.gray@hotmail.co
337,5852,Franco,Fioravanti,franco.fioravanti@barry-gill.com.au
338,4618,Heather,Zimmer,heather.zimmer@bluemel.d
339,2618,Hortense,Taylor,hortense.taylor@chambers.biz
340,4967,Livia,Ernst,via.ernst@colas.fr
341,4594,Toby,Etzler,toby.etzler@industrias.co
342,2080,Ennio,Leoncavallo,nnio.leoncavallo@sanchez.org
343,2793,Philippine,Vac,philippine.vaca@hotmail.co
344,4890,Rhonda,Phillips,rhonda.phillips@yahoo.co
345,3528,Alphonse,Nitto,phonse.nitto@voila.fr
346,5810,Karina,Arreol,karina.arreola@yahoo.com.au
347,5720,Denise,Wood,denise.wood@mantegna.co
348,4593,Burghard,Rosenow,burghard.rosenow@hotmail.co
349,3186,Friedl,Powell,friedl.powell@laposte.net
350,5136,Benjamin,Schultz,benjamin.schultz@rivero-davila.co
351,2646,Rachel,Ulibarri,rachel.ulibarri@schueler.co
352,3460,Silvano,Blanchet,silvano.blanchet@yahoo.co
353,4345,Kurt,Sauer,kurt.sauer@almanza.biz
354,2690,Nayeli,Gehringer,nayeli.gehringer@hotmail.co
355,4025,Imelda,Gueri,da.guerin@stumpf.net
356,4524,Zbigniew,Holmes,zbigniew.holmes@stiffel.net
357,3978,Adela,Alfonsi,dela.alfonsi@despacho.co
358,3910,Hilary,Clark,hilary.clark@libero.it
359,5825,Kornelius,Moli,kornelius.molina@heuser.co
360,3564,Christian,Anderso,christian.anderson@tim.it
361,2396,Francisco,Dorsey,francisco.dorsey@tiscali.fr
362,2140,Walli,Albert,walli.albert@dussen.co
363,3079,Siegrun,Mot,siegrun.mota@matthews-montoya.org.au
364,2017,Alberico,Herv,berico.herve@beer.net
365,5444,Serafina,Bonni,serafina.bonnin@mendes.co
366,2216,Marcelle,Bender,rcelle.bender@edwards-robinson.info
367,1241,Hartmuth,Robertso,hartmuth.robertson@thomas.edu.au
368,1484,Herlinde,Georg,herlinde.george@free.fr
369,3475,Pamela,Pay,pamela.payne@yahoo.co
370,4333,Gastone,Beyer,gastone.beyer@stewart-sanchez.edu
371,5657,Lydia,Berengario,ydia.berengario@aol.d
372,2527,Lucy,Davidso,ucy.davidson@tele2.it
373,5967,Franck,Wad,franck.wade@gute.org
374,5698,Heidi,Barker,heidi.barker@gmail.co
375,3331,Arnaldo,Ocasio,rnaldo.ocasio@hotmail.co
376,3841,Francis,Bernier,francis.bernier@rodriguez.co
377,6105,Johanne,Strong,johanne.strong@yahoo.d
378,3895,Debra,Langlois,debra.langlois@schmiedecke.co
379,1891,Reingard,Kambs,reingard.kambs@sagese.eu
380,1281,Mauro,Ortiz,uro.ortiz@oquendo.net
381,4186,Griselda,Carranz,griselda.carranza@krause.d
382,2511,Janet,Madrigal,janet.madrigal@gmail.co
383,4272,Jenna,Day,jenna.day@reed.co
384,3533,Modesto,Wright,odesto.wright@pareto.co
385,3618,Alice,Wall,ce.wall@zaccardo.it
386,2177,Brenda,Sontag,brenda.sontag@solari.co
387,4102,Sergius,Mac,sergius.mace@palazzo.co
388,6089,Antonia,Kli,ntonia.kline@gmail.co
389,4701,Maurice,Gumprich,urice.gumprich@griffin.net.au
390,5645,Daniel,Anders,daniel.anders@yahoo.co
391,4499,Zaira,Cattaneo,zaira.cattaneo@yahoo.co
392,3365,Alessio,Bruneau,ssio.bruneau@hotmail.co.uk
393,2290,Gerdi,Guerrero,gerdi.guerrero@tele2.fr
394,1890,Brigitte,Stiebitz,brigitte.stiebitz@gmail.co
395,1304,June,Sinisi,june.sinisi@manzoni-giannini.it
396,3799,Carl,Macias,carl.macias@yahoo.co
397,2749,Veronica,Trapp,veronica.trapp@tiscali.it
398,2028,Frances,Garnier,frances.garnier@aporti-guidotti.org
399,2383,Terri,Iannelli,terri.iannelli@hotmail.co
400,5721,Odette,Moor,odette.moore@hall.edu
401,1394,Mercedes,Trujillo,rcedes.trujillo@aol.d
402,3451,Babette,Dumas,babette.dumas@brady.net
403,5512,Jerry,Santiago,jerry.santiago@soprano-ferragni.it
404,2453,Ronald,Simpso,ronald.simpson@ovadia.net
405,6055,Emmanuel,Dominguez,nuel.dominguez@gmail.co
406,5704,Christiane,Ricciardi,christiane.ricciardi@zavala.co
407,3707,Ingolf,Zamor,ngolf.zamora@yahoo.com.au
408,2205,Rita,Sharp,rita.sharp@beard-scott.edu.au
409,5976,Geraldine,Cabrer,geraldine.cabrera@green-smith.info
410,3290,Chantal,Armas,chantal.armas@jenkins.net
411,4257,Louis,Gilbert,ouis.gilbert@gmail.co
412,4588,Michelle,Collier,chelle.collier@peruzzi.it
413,4785,Guillermina,Nicholso,guillermina.nicholson@grondin.fr
414,3033,Bertrand,Hopkins,bertrand.hopkins@gmail.co
415,2779,Alonso,Palomo,onso.palomo@gehringer.d
416,2131,Tina,Rodriguez,tina.rodriguez@web.d
417,6229,Eva,Francis,va.francis@parker.org
418,3429,Ottavio,Rust,ottavio.rust@crespi.co
419,1613,Amelia,Olver,.olvera@hotmail.co
420,4734,Paul,Palladio,paul.palladio@mclaughlin.net.au
421,4439,Bernardo,Wieloch,bernardo.wieloch@budig.co
422,1441,Umberto,Hicks,umberto.hicks@hill.co
423,5799,Janko,Bishop,janko.bishop@tim.it
424,1419,Jessika,Meunier,jessika.meunier@gmx.d
425,3059,Isaac,Benard,saac.benard@googlemail.co
426,3224,Alexandrie,Lambert,xandrie.lambert@yahoo.co
427,3181,Roberto,Guyot,roberto.guyot@bennett.co
428,6061,Giulietta,Lucas,giulietta.lucas@club.co
429,4466,Damaris,Pininfari,damaris.pininfarina@gmail.co
430,6081,Fabrizia,Renard,fabrizia.renard@higgins-marks.co
431,2159,Camillo,Dehmel,camillo.dehmel@brown-campbell.co
432,3324,Ruggero,Parpinel,ruggero.parpinel@gmail.co
433,3176,Stephen,Pratesi,stephen.pratesi@hotmail.co
434,5874,Ludger,Naccari,udger.naccari@ingram.biz
435,5110,Meryem,Tapi,ryem.tapia@yahoo.co
436,5490,Jasmine,Juvar,jasmine.juvara@yahoo.com.au
437,1922,Victoire,Travagli,victoire.travaglia@zacchia.co
438,4398,Adrian,Noel,drian.noel@perrin.co
439,4754,Marvin,How,rvin.howe@gmail.co
440,3309,Hanne,Kidd,hanne.kidd@yahoo.co
441,1244,Donatello,Millet,donatello.millet@fritsch.net
442,2892,Eloisa,Pascarell,oisa.pascarella@gmail.co
443,2777,Erica,Zambrano,rica.zambrano@gmail.co
444,4952,Paula,Canales,paula.canales@gilmore-guerrero.co
445,5144,Claudia,Bernard,claudia.bernard@mazzanti.it
446,5487,Paulina,Miller,paulina.miller@lewis-barker.co
447,1932,Kathrin,Godfrey,kathrin.godfrey@tele2.fr
448,3364,Pina,Passalacqu,pina.passalacqua@yahoo.co.uk
449,5165,Julien,Miles,julien.miles@stevens-rose.co
450,3858,Suzanne,Benigni,suzanne.benigni@mennea-morlacchi.co
451,4666,Annalisa,Pugh,nnalisa.pugh@hotmail.fr
452,2896,Mathew,Maestas,thew.maestas@casas-garrido.co
453,4520,Laszlo,Vall,szlo.vallee@verdier.co
454,5726,Helen,Polanco,helen.polanco@hotmail.co
455,5661,Mateo,Sorrentino,teo.sorrentino@calderon.co
456,4765,Eric,Barnes,ric.barnes@barrett-winter.co
457,3710,Dragica,West,dragica.west@yahoo.com.au
458,4925,Antje,Voisi,ntje.voisin@gmail.co
459,1533,Stanley,Mills,stanley.mills@parker-lee.biz
460,5264,Brandy,Meraz,brandy.meraz@yahoo.co
461,4606,Conor,Reinhardt,conor.reinhardt@yahoo.com.au
462,2043,Gabino,Blot,gabino.blot@lewis-russell.org
463,3871,Alvaro,Lemus,varo.lemus@yahoo.co
464,6205,Patrizia,Wilms,patrizia.wilms@dbmail.co
465,3193,Metin,Coulo,tin.coulon@ashley.co
466,1810,Reece,Valenci,reece.valencia@laboy-palomo.co
467,4797,Troy,Schmiedeck,troy.schmiedecke@picard.co
468,1487,Wendy,Bustos,wendy.bustos@libero.it
469,3474,Guglielmo,Caldwell,guglielmo.caldwell@loeffler.co
470,5771,Travis,Cow,travis.cowan@turner.info
471,6074,Brandi,Abbagnal,brandi.abbagnale@tele2.fr
472,1568,Hanno,Gollu,hanno.gollum@smith.co
473,4263,Jutta,Burk,jutta.burke@elliott.co
474,5850,Dorothe,Paz,dorothe.paz@fiebig.d
475,5619,Desiree,Huert,desiree.huerta@morris.co
476,1904,Ilse,Bray,se.bray@venturi.it
477,5388,Pierpaolo,Scaduto,pierpaolo.scaduto@sanders-gibson.com.au
478,2150,Amedeo,Bradford,deo.bradford@yahoo.co
479,2653,Julia,Ali,julia.ali@yahoo.co
480,2687,Catalina,Pizzetti,catalina.pizzetti@tim.it
481,3779,Dylan,Porzio,dylan.porzio@yahoo.d
482,1494,Iris,Trincavelli,ris.trincavelli@tiscali.fr
483,4129,Johnathan,Guidotti,johnathan.guidotti@cox-sanchez.net
484,3035,Walburga,Vollbrecht,walburga.vollbrecht@aol.d
485,2069,Kendra,David,kendra.david@allan-morton.co
486,5469,Aleksandr,Weiss,ksandr.weiss@blanc.org
487,3903,Cornelio,Guardado,cornelio.guardado@gmail.co
488,4083,Ferdi,Blackbur,ferdi.blackburn@christensen.net
489,4003,Bill,Gallagher,bill.gallagher@green.co
490,3565,Leonard,Harvey,onard.harvey@hotmail.co
491,1640,Milan,Montenegro,n.montenegro@langern.co
492,4769,Philip,Perez,philip.perez@hotmail.co.uk
493,3398,Kathryn,Hentschel,kathryn.hentschel@shaw.co
494,1865,Xavier,Samso,xavier.samson@baggio.it
495,5690,Hartwig,Roberts,hartwig.roberts@saraceno.net
496,3814,Kimberly,Ch,kimberly.chan@gmail.co
497,2942,Lorraine,Crawford,orraine.crawford@gmail.co
498,5095,Maximiliano,Knowles,ximiliano.knowles@gmail.co
499,2878,Gabriella,Avil,gabriella.avila@gmail.co
500,3697,Rico,Mortati,rico.mortati@faivre.fr
501,4744,Gail,Petrocelli,gail.petrocelli@yahoo.co
502,2104,Liberto,Niemeier,berto.niemeier@germano-dibiasi.it
503,4883,Luciana,Petitj,uciana.petitjean@patterson-cole.biz
504,4807,Ron,Cavazos,ron.cavazos@yahoo.co
505,1372,Aldo,Cibi,do.cibin@gmx.d
506,3666,Alexandre,Serrano,xandre.serrano@yahoo.co.uk
507,2066,Lori,Fagotto,ori.fagotto@hill-anderson.co
508,1834,Perla,Figuero,perla.figueroa@live.co
509,5853,Reginald,Hughes,reginald.hughes@gmail.co
510,2219,Uriel,Holt,uriel.holt@gmail.co
511,4148,Stefano,Lemonnier,stefano.lemonnier@binner.co
512,4477,Madeleine,Cooper,deleine.cooper@poste.it
513,1786,Alban,Barbier,ban.barbier@ortiz.org
514,3455,Alfonso,Finetti,fonso.finetti@quiroz.co
515,5707,Ryan,Ki,ryan.kim@noos.fr
516,5470,Augustin,Wohlgemut,ugustin.wohlgemut@watson.info
517,3274,Rolando,Bibi,rolando.bibi@tin.it
518,4613,Berthold,Randall,berthold.randall@mcdonald.co
519,4465,Genaro,Briand,genaro.briand@sfr.fr
520,1652,Rudolf,Jenkins,rudolf.jenkins@hotmail.co
521,2100,Pauline,Acker,pauline.ackermann@arredondo-roque.co
522,4321,Folker,Swanso,folker.swanson@rodrigues.fr
523,4168,Ashleigh,Montez,shleigh.montez@perry-schneider.co
524,3733,Liliana,Barber,na.barber@libero.it
525,2594,Caridad,Carr,caridad.carr@huhn.co
526,3909,Lolita,Borrego,olita.borrego@gmail.co
527,5179,Gunar,Patrick,gunar.patrick@leroy.co
528,2228,Leokadia,Verdier,okadia.verdier@hotmail.com.au
529,6222,Hanna,Reid,hanna.reid@salas.org
530,2354,Edelgard,Kreusel,delgard.kreusel@hotmail.co
531,1725,Svenja,Perri,svenja.perrin@berger.co
532,2960,Pierluigi,Taccol,pierluigi.taccola@gmx.d
533,2077,Cilli,Watts,cilli.watts@yahoo.co
534,5662,Emiliano,Wells,no.wells@gmx.d
535,3481,April,Davids,pril.davids@fisher.info
536,2565,Dolores,Didier,dolores.didier@yahoo.com.au
537,4436,Sylvia,Bonomo,sylvia.bonomo@poulain.co
538,5072,Nelly,Marsh,nelly.marsh@hotmail.it
539,5200,Beth,Miniati,beth.miniati@hudson.net
540,4502,Renee,Merino,renee.merino@gmail.co
541,4945,Hailey,Russell,hailey.russell@jourdan.org
542,3012,Raphaela,Gotthard,raphaela.gotthard@outlook.co
543,6094,Pomponio,Comencini,pomponio.comencini@hotmail.co.uk
544,3815,Leone,Richardso,one.richardson@yahoo.co
545,4838,Valentine,Acost,valentine.acosta@peters.net
546,3469,Ricciotti,Laureano,ricciotti.laureano@parsons.co
547,4874,Jacques,Heidrich,jacques.heidrich@zamudio-chapa.co
548,1792,Anne,Snow,nne.snow@gmail.co
549,4356,Sonia,Volt,sonia.volta@gmx.d
550,6196,Dale,Leblanc,dale.leblanc@stewart.co
551,3578,Alejandro,Cruz,jandro.cruz@hotmail.co
552,4491,Elsa,Cugi,sa.cugia@yahoo.co
553,3054,Geronimo,Pechel,geronimo.pechel@hotmail.co
554,1968,Melania,Kl,nia.klemm@seidel.co
555,5869,Katherine,Cooley,katherine.cooley@yahoo.co
556,5858,Guillermo,Lars,guillermo.larsen@yahoo.co
557,5203,Jill,Barrios,jill.barrios@gmail.co
558,2577,Austin,Musatti,ustin.musatti@tin.it
559,3216,Jacinto,Ros,jacinto.rose@yahoo.co
560,2037,Lucie,Redi,ucie.redi@googlemail.co
561,3867,Tania,Chap,tania.chapman@remy.co
562,5109,Alexandria,Best,xandria.best@yahoo.co.uk
563,1376,Edward,Scott,dward.scott@yahoo.co
564,5260,Jake,Wiley,jake.wiley@outlook.co
565,2350,Claudio,Reuter,claudio.reuter@morgan-collins.org.au
566,2269,Laure,Traett,ure.traetta@kay-perkins.co.uk
567,3650,Magarete,Valenti,garete.valentin@yahoo.co
568,3934,Paige,Hill,paige.hill@jones.org.au
569,4048,Fulvio,Curiel,fulvio.curiel@reynolds.co
570,4266,Thibaut,Camarillo,thibaut.camarillo@hotmail.co
571,3863,Romana,Blanchard,romana.blanchard@googlemail.co
572,4922,Thibault,Savorg,thibault.savorgnan@butler.biz
573,4517,Alexander,Pausini,xander.pausini@gonzalez.info
574,3259,Pierangelo,Scholtz,pierangelo.scholtz@lefevre.co
575,3123,Emmanuelle,Keller,nuelle.keller@morton-clarke.co
576,3870,Isabella,Deleo,sabella.deleon@web.d
577,2996,Timothy,Weitzel,timothy.weitzel@gmail.co
578,2993,Alfredo,Ingr,fredo.ingram@hotmail.co
579,4556,Francesca,Kad,francesca.kade@luna-rael.org
580,2326,Tonia,Col,tonia.coleman@hotmail.co
581,4109,Gottfried,Barb,gottfried.barbe@hotmail.co
582,5739,Jeffrey,Trommler,jeffrey.trommler@yahoo.co
583,5887,Giacobbe,Owens,giacobbe.owens@huet.fr
584,1651,Conchita,Pagliaro,conchita.pagliaro@googlemail.co
585,1628,Kevin,Delahay,kevin.delahaye@ellis-wilson.co
586,2642,Rouven,Ovadi,rouven.ovadia@gmail.co
587,6020,Piermaria,Laport,piermaria.laporte@wesack.co
588,4747,Karolin,Joh,karolin.johann@hotmail.co
589,5534,Steven,Folliero,steven.folliero@noos.fr
590,4790,Livio,Rosselli,vio.rosselli@green.co.uk
591,4632,Gaetano,Leonardi,gaetano.leonardi@despacho.co
592,1952,Cynthia,Robinso,cynthia.robinson@gilles.net
593,4388,Eleni,Apont,ni.aponte@club-internet.fr
594,5529,Noelia,Romo,noelia.romo@yahoo.co
595,1316,Evelyn,Haynes,velyn.haynes@clark.info
596,1670,Katharine,Zaccagnini,katharine.zaccagnini@hotmail.co
597,4909,Lea,Merl,.merle@stey.d
598,3401,Marta,Huynh,rta.huynh@hernandez.info
599,4619,Amador,Riley,dor.riley@hotmail.co
600,4722,Julie,Coles,julie.coles@hotmail.fr
601,2188,Beverley,Telesio,beverley.telesio@regnier.fr
602,5497,Corinne,Mitschk,corinne.mitschke@hauffer.net
603,5711,Valerie,Orteg,valerie.ortega@tele2.it
604,4076,Carlos,Dell,carlos.delle@hicks.co
605,1847,Christina,Besnard,christina.besnard@delorme.co
606,2816,Rosario,Jacques,rosario.jacques@yahoo.co
607,5019,Celal,Fischer,celal.fischer@aol.d
608,4869,Leonardo,Guz,onardo.guzman@andreozzi-abba.co
609,3613,Clinton,Maso,clinton.mason@yahoo.co
610,3069,Loretta,Mallet,oretta.mallet@sansoni-toscani.it
611,2601,Lorenzo,Roero,orenzo.roero@hotmail.co.uk
612,2133,Lando,Gutierrez,ndo.gutierrez@heser.co
613,3164,Elaine,Patterso,ne.patterson@rose-morris.org
614,3897,Marcella,Govoni,rcella.govoni@barkholz.net
615,5663,Ettore,Amaldi,ttore.amaldi@germain.co
616,3879,Rufino,Gallegos,rufino.gallegos@webster-newton.co.uk
617,5900,Georges,Richards,georges.richards@macdonald.co
618,2272,Janice,Infantino,janice.infantino@hotmail.co
619,5436,Svetlana,Montanariello,svetlana.montanariello@putz.d
620,3676,Agnolo,Cedillo,gnolo.cedillo@laboratorios.biz
621,4676,Hannah,Jockel,hannah.jockel@ceravolo-tonisto.eu
622,1563,Yvonne,Stout,yvonne.stout@sims.edu
623,4349,Anouk,Pac,nouk.pace@gmail.co
624,1658,Esteban,Valdez,steban.valdez@hotmail.co
625,2552,Angelina,Davies,ngelina.davies@hotmail.co
626,4847,Anastasie,Cad,nastasie.cadena@live.co
627,1553,Hansjoachim,Lettier,hansjoachim.lettiere@hall-mcdaniel.net
628,2632,Yeni,Tejad,yeni.tejada@olson.edu.au
629,1908,Dulce,Adinolfi,dulce.adinolfi@hotmail.co
630,5801,Sean,Mielcarek,sean.mielcarek@gmail.co
631,1935,Omar,Fonsec,omar.fonseca@grupo.org
632,2609,Henry,Gucci,henry.gucci@leleu.fr
633,2740,Samira,Bottaro,samira.bottaro@vasseur.fr
634,1907,Korinna,Arnold,korinna.arnold@zapata-saenz.biz
635,1831,Marcela,Ferrant,rcela.ferrante@gmx.d
636,5177,Douglas,Amay,douglas.amaya@favata-brenna.net
637,6179,Katherina,Barrientos,katherina.barrientos@trobbiani.eu
638,2917,Brittany,Tr,brittany.tran@tele2.it
639,1486,Caroline,Reeves,caroline.reeves@yahoo.co
640,3735,Joe,Michaud,joe.michaud@yahoo.fr
641,3838,Marco,Vittadello,rco.vittadello@gmail.co
642,2430,Kim,Webb,kim.webb@yahoo.com.au
643,2480,Eugenia,Zichichi,ugenia.zichichi@yahoo.co
644,3431,Aurore,Ros,urore.rosemann@leoncavallo-rusticucci.co
645,1742,Giustino,Luzi,giustino.luzi@rolland.fr
646,4628,Anita,Galindo,nita.galindo@gmail.co
647,2385,Gunhild,Carrillo,gunhild.carrillo@elliott-gilbert.org
648,2213,Rosa,Paul,rosa.paul@bien.co
649,5188,Marliese,Oneal,rliese.oneal@gmail.co
650,3418,Bethany,Hart,bethany.hartmann@yahoo.co
651,5637,Irina,Martineau,rina.martineau@gmail.co
652,3530,Beatriz,Mouli,beatriz.moulin@pinto.co
653,3731,Lucas,Austi,ucas.austin@gmail.co
654,3219,Carole,Nohlmans,carole.nohlmans@yahoo.co
655,2392,Bozena,Schmitt,bozena.schmitt@vallet.co
656,5103,Aimee,Foconi,.foconi@outlook.co
657,3992,Marzena,Carrero,rzena.carrero@roskoth.d
658,2442,Raisa,Poulai,raisa.poulain@fastwebnet.it
659,2913,Marcantonio,Bennett,rcantonio.bennett@hopkins.com.au
660,1631,Kenneth,Hurst,kenneth.hurst@meunier.net
661,4073,Marisela,Mend,risela.mende@godoy-enriquez.co
662,4568,Blanka,Villareal,blanka.villareal@monduzzi.net
663,1830,Tomislav,Stoppani,tomislav.stoppani@corporacin.org
664,2623,Krystal,Ammaniti,krystal.ammaniti@barbier.fr
665,4327,Deanna,Aporti,deanna.aporti@bouygtel.fr
666,3713,Donatella,Burns,donatella.burns@yahoo.d
667,2389,Margrit,Hooper,rgrit.hooper@douglas.co
668,5141,Baccio,Marcacci,baccio.marcacci@laposte.net
669,3522,Alfio,Ro,fio.roman@hotmail.co.uk
670,1334,Soledad,Soto,soledad.soto@hotmail.d
671,4721,Josh,Cimaros,josh.cimarosa@hotmail.co
672,3768,Nath,Rico,nath.rico@yahoo.co
673,1639,Gary,Armani,gary.armani@web.d
674,5149,Miriam,Oquendo,riam.oquendo@smith-watson.biz
675,2153,Monica,Mohaupt,onica.mohaupt@live.co
676,2767,Alec,Ho,c.ho@parra-esparza.co
677,5124,Harry,Fouquet,harry.fouquet@ibarra-cooper.co
678,2097,Arcelia,Babati,rcelia.babati@orange.fr
679,4796,Trinidad,Vesp,trinidad.vespa@gmail.co
680,5849,Colette,Ry,colette.ryan@hotmail.co
681,1495,Richard,Andr,richard.andre@porras.org
682,2462,Ellinor,Leclercq,nor.leclercq@gmail.co
683,2280,Patricio,Guillo,patricio.guillon@web.d
684,1877,Kirsten,Chindamo,kirsten.chindamo@carrillo-wall.co
685,6108,Leo,Petruzzi,o.petruzzi@yahoo.co
686,4427,Margot,Tomaselli,rgot.tomaselli@junck.org
687,2881,Ansaldo,Marks,nsaldo.marks@patel-odonnell.co
688,2339,Regina,Mori,regina.morin@barcaccia.net
689,5156,Karla,Medici,karla.medici@yahoo.co
690,4750,Morgan,Irizarry,organ.irizarry@williams-harris.biz
691,4852,Natividad,Wong,natividad.wong@hoevel.co
692,5734,Anna,Fr,nna.freeman@snyder.net
693,3801,Emilia,Vivaldi,.vivaldi@garnier.fr
694,4474,Gerda,Cook,gerda.cook@tin.it
695,1992,Andrey,Faur,ndrey.faure@frederick-mitchell.info
696,5796,Charlotte,Duk,charlotte.duke@ochoa.org
697,1373,Cindy,Castillo,cindy.castillo@virgilio.it
698,1879,Hiltrud,Thibault,hiltrud.thibault@barbe.co
699,3072,Kasimir,Jai,kasimir.jaime@gmail.co
700,4561,Sabine,Lach,sabine.lachmann@phillips.org
701,5201,Andrea,Arroyo,ndrea.arroyo@yahoo.com.au
702,5871,Matthew,Velasquez,tthew.velasquez@gmail.co
703,3041,Severino,Linares,severino.linares@angeli.co
704,5864,Swantje,Lomeli,swantje.lomeli@gmx.d
705,3999,Marcus,Espino,rcus.espino@comolli.eu
706,4849,Allen,Gates,n.gates@gmail.co
707,5461,Mauricio,Saunders,uricio.saunders@hotmail.co.uk
708,5946,Gilbert,Cornejo,gilbert.cornejo@hotmail.co
709,4508,Letizia,Gulott,tizia.gulotta@howard.biz
710,5096,Etta,Gutknecht,tta.gutknecht@leconte.net
711,5443,Shelley,Perry,shelley.perry@gierschner.d
712,2165,Geoffrey,Williams,geoffrey.williams@poste.it
713,2125,Cory,Stewart,cory.stewart@voila.fr
714,6141,Kristy,Bartlett,kristy.bartlett@outlook.co
715,5245,Gianluca,Beck,gianluca.beck@green.biz
716,2190,Guido,Krei,guido.krein@gmail.co
717,2243,Leif,Monnier,f.monnier@querini.it
718,3336,Jonas,Badoer,jonas.badoer@kennedy.biz
719,3305,Devin,Ebert,devin.ebert@yahoo.fr
720,6191,Slobodan,Camiscio,slobodan.camiscione@hotmail.co
721,1326,Volkmar,Gauthier,volkmar.gauthier@hotmail.co
722,6159,Jordan,Row,jordan.rowe@outlook.co
723,2003,Manon,Daugherty,non.daugherty@segre.co
724,5881,Estela,Segovi,stela.segovia@vodafone.it
725,1918,Giada,Celentano,giada.celentano@evans.net
726,2157,Clayton,Salcedo,clayton.salcedo@hotmail.co.uk
727,3149,Raven,Pinto,raven.pinto@hotmail.co
728,2444,Lewis,Lewis,wis.lewis@pisano.net
729,6207,Rochus,Rousseau,rochus.rousseau@nguyen.co
730,5580,Belinda,Gamez,belinda.gamez@leleu.co
731,5942,Angelo,Lozano,ngelo.lozano@macias.co
732,1592,Jorge,Monti,jorge.monti@clement.fr
733,2344,Ricky,Harrell,ricky.harrell@martin.edu
734,5995,Adriano,Wulf,driano.wulf@schmidtke.net
735,5022,Pompeo,Bourdo,pompeo.bourdon@gmail.co
736,5991,Kristie,Garrett,kristie.garrett@wernecke.co
737,4020,Lodovico,Conley,odovico.conley@yahoo.co
738,6028,Jean,Berthelot,jean.berthelot@oscuro.it
739,2790,Tadeusz,Medi,tadeusz.medina@jackson-clark.net
740,4033,Ruby,Carrier,ruby.carriera@hotmail.it
741,1261,Theres,Antonioni,theres.antonioni@hotmail.co
742,1979,Gloria,Morto,gloria.morton@outlook.co
743,2122,Graziano,Jens,graziano.jensen@gmail.co
744,4506,Gianpaolo,Massey,gianpaolo.massey@bouvier.co
745,3016,Alain,Farmer,n.farmer@hotmail.it
746,3272,Renato,Murillo,renato.murillo@club.co
747,1375,Edda,Ferraris,dda.ferraris@libero.it
748,4014,Luce,Marty,uce.marty@waehner.org
749,3199,Rotraud,Mitchell,rotraud.mitchell@laboratorios.co
750,2184,Israel,Watkins,srael.watkins@hotmail.co
751,2170,Nathan,Jennings,nathan.jennings@kim.co
752,1478,Gavin,Proietti,gavin.proietti@gmx.d
753,6163,Emma,Rios,.rios@yahoo.com.au
754,1889,Todd,Douglas,todd.douglas@web.d
755,5912,Oscar,Holst,oscar.holsten@yahoo.co
756,2537,Ann,Pero,nn.peron@grupo.biz
757,2118,Senta,Grassi,senta.grassi@hotmail.co
758,3234,Kata,M,kata.mena@gmail.co
759,3842,Gianfranco,Hethur,gianfranco.hethur@stewart-lee.com.au
760,3032,Florentine,Saraceno,florentine.saraceno@gmail.co
761,3238,Giuliano,Bolz,giuliano.bolzmann@pacillo.it
762,2059,Alwine,Kostolzi,wine.kostolzin@holloway.co
763,5238,Giacinto,Briggs,giacinto.briggs@yahoo.co.uk
764,2578,Holly,Negret,holly.negrete@hotmail.co
765,4789,Mark,Trapanes,rk.trapanese@gmail.co
766,2357,Alyssa,Bru,yssa.brun@chittolini-spadafora.it
767,1235,Cristina,Chevalier,cristina.chevalier@proyectos.co
768,3558,Shannon,Lefevr,shannon.lefevre@gmail.co
769,1707,Logan,Hornich,ogan.hornich@tin.it
770,2842,Rosalia,Toro,rosalia.toro@free.fr
771,5318,Reiner,Poerio,reiner.poerio@yahoo.co
772,1620,Valentina,Pages,valentina.pages@hotmail.d
773,4998,Enrico,Fabr,nrico.fabre@gmail.co
774,3111,Sevim,Begu,sevim.begue@yahoo.com.au
775,1424,Sonja,Patberg,sonja.patberg@hotmail.co
776,3244,Christine,Hiller,christine.hiller@yahoo.co
777,4643,Maik,Beasley,k.beasley@harper-brooks.biz
778,6132,Elliot,Sant,ot.santana@gmx.d
779,3790,Eloy,Renzi,oy.renzi@gmail.co
780,1312,Wolf,Lutz,wolf.lutz@nichols-jackson.com.au
781,5686,Giuseppe,L,giuseppe.lee@mahe.org
782,2111,Angelica,Cuellar,ngelica.cuellar@zaguri-bellucci.net
783,5685,Bekir,Normand,bekir.normand@yahoo.d
784,1905,Carmine,Gonzales,carmine.gonzales@schleich.net
785,3271,Marianne,Hubert,rianne.hubert@hotmail.co
786,4178,Gonzalo,Montes,gonzalo.montes@hotmail.co
787,3275,Shelly,Guichard,shelly.guichard@gmail.co
788,5713,Tobias,Carbajal,tobias.carbajal@live.co
789,3339,Santiago,Berry,santiago.berry@aol.d
790,5585,Emilio,Davenport,o.davenport@zamora-russo.net
791,4407,Maurizio,Gut,urizio.gute@knight.info
792,1941,Nadia,Travaglio,nadia.travaglio@colletti-broggini.co
793,4690,Elisa,Barkholz,sa.barkholz@sfr.fr
794,3607,Cristal,Mazzini,cristal.mazzini@gmail.co
795,2670,Trevor,Granados,trevor.granados@gmail.co
796,5261,Matthieu,Mcdonald,tthieu.mcdonald@morrison.org
797,4121,Juliette,Presto,juliette.preston@gmail.co
798,4620,Stanislaw,Montalvo,stanislaw.montalvo@mcpherson-hughes.info
799,4630,Lilia,Lollobrigid,.lollobrigida@le.co
800,3440,Brigitta,Shaw,brigitta.shaw@hotmail.co.uk
801,3572,Rebeca,Frey,rebeca.frey@gerard.fr
802,5306,Nicolas,Palacios,nicolas.palacios@meraz.co
803,5122,Susanna,Bonneau,susanna.bonneau@klingelhoefer.d
804,1368,Romina,Valenti,romina.valentine@hotmail.co
805,5370,Erika,Toussaint,rika.toussaint@sfr.fr
806,5636,Lothar,Laurent,othar.laurent@garcia.com.au
807,6033,Chelsea,Verdugo,chelsea.verdugo@campbell.co
808,3599,Ria,Venier,ria.venier@murillo-estevez.co
809,5566,Carly,Summers,carly.summers@yahoo.co.uk
810,1873,Pasquale,Tomasini,pasquale.tomasini@hotmail.co.uk
811,3904,Stefani,Ughi,stefani.ughi@hotmail.it
812,4453,Jose,Huang,jose.huang@gmx.d
813,5481,Petros,Gao,petros.gaona@googlemail.co
814,2987,Maximilian,Siering,ximilian.siering@gaito-fornaciari.org
815,2431,Ermenegildo,Holzapfel,rmenegildo.holzapfel@aol.d
816,4158,Damien,Leger,damien.leger@dixon.biz
817,3753,Zeferino,Barrer,zeferino.barrera@zedillo-velazquez.co
818,4391,Alfred,Pohl,fred.pohl@fechner.net
819,2026,Marissa,Gaito,rissa.gaito@reed-campbell.edu
820,4547,Ariana,Housto,riana.houston@hotmail.it
821,2798,Victor,Jacobs,victor.jacobs@young.co
822,4732,Henriette,Lang,henriette.lang@mimun.it
823,5126,Wilfriede,Bac,wilfriede.baca@caraballo.co
824,5151,Lucia,Rivier,ucia.riviere@samaniego.biz
825,2134,Gordon,Vigorelli,gordon.vigorelli@solano.co
826,5786,Diethard,Salgado,diethard.salgado@gmail.co
827,5515,Sue,Corrales,sue.corrales@cardenas-serna.org
828,4530,Arthur,Salazar,rthur.salazar@yahoo.com.au
829,4088,Fortunata,Schneider,fortunata.schneider@tiscali.it
830,3667,Gretchen,Ser,gretchen.serna@pichon.org
831,3286,Egon,Caro,gon.caron@hotmail.co
832,4804,Roberta,Finzi,roberta.finzi@knight-davies.co.uk
833,5768,Editha,Savag,ditha.savage@davies.co.uk
834,6098,Allan,Emanuelli,n.emanuelli@fernandes.org
835,2508,Laurence,Lucero,urence.lucero@martin.org
836,5779,Istvan,Draghi,stvan.draghi@ifrance.co
837,1717,Luigi,Bonnet,uigi.bonnet@carriera-federico.it
838,3368,Yuridia,Fantozzi,yuridia.fantozzi@mcdonald.co
839,4265,Eraldo,Schmiedt,raldo.schmiedt@hotmail.d
840,4455,Antoinette,Cox,ntoinette.cox@bustamante.co
841,2940,Cameron,Ocampo,cameron.ocampo@hotmail.com.au
842,6144,Lynn,Lawso,ynn.lawson@leclercq.co
843,3657,Natalia,Seifert,natalia.seifert@ifrance.co
844,1537,Nuray,Anguillar,nuray.anguillara@yahoo.co.uk
845,2116,Beate,Morg,beate.morgan@gmail.co
846,5102,Mario,Rees,rio.rees@gmx.d
847,5815,Galasso,Junk,galasso.junken@yahoo.co.uk
848,4250,Luca,Moses,uca.moses@franke.d
849,4533,Aurelio,Gertz,urelio.gertz@hewitt.net
850,3329,Uberto,Steel,uberto.steele@outlook.co
851,3606,Annie,Hunter,nnie.hunter@allen.co.uk
852,4749,Jo,Mccarty,jo.mccarty@hotmail.co
853,2222,Eitel,Lombard,tel.lombard@thomas.net
854,1939,Susan,Vigliotti,susan.vigliotti@yahoo.co.uk
855,2456,Jacqueline,Germano,jacqueline.germano@valette.fr
856,2794,Fidel,Ruppert,fidel.ruppert@yahoo.co.uk
857,2648,Margaret,Eigenwillig,rgaret.eigenwillig@yahoo.co
858,2545,Yvette,Harding,yvette.harding@yahoo.co.uk
859,3273,Federigo,Karg,federigo.karge@bohlander.co
860,6155,Guenther,Arment,guenther.armenta@free.fr
861,6064,Coriolano,Higgins,coriolano.higgins@murphy.org.au
862,1729,Felix,Rubio,felix.rubio@ebert.d
863,4969,Melanie,Levequ,nie.leveque@fleury.net
864,3402,Abbie,Galeati,bbie.galeati@ubaldi.it
865,2810,Vittorio,Caccioppoli,vittorio.caccioppoli@yahoo.co
866,2217,Biagio,Valenzuel,biagio.valenzuela@robinson.info
867,5140,Dario,Gr,dario.green@live.co
868,4497,Alwina,Textor,wina.textor@poste.it
869,5100,Diether,Baez,diether.baeza@grupo.biz
870,3390,Sole,Trevino,sole.trevino@hotmail.co
871,1926,Darren,Bernardi,darren.bernardi@brooks-martin.co
872,3264,Martina,Heser,rtina.heser@morellato.it
873,2573,Bethan,Giacometti,bethan.giacometti@gmail.co
874,3628,Ethan,Duhamel,than.duhamel@sfr.fr
875,3826,Corrado,Warr,corrado.warren@hotmail.com.au
876,5983,Damian,Pulido,damian.pulido@yahoo.d
877,5678,Dino,Osbor,dino.osborne@despacho.co
878,2093,Nicolaus,Bernetti,nicolaus.bernetti@aol.d
879,5333,Gianna,Carroll,gianna.carroll@perez.co
880,5139,Grit,Knight,grit.knight@web.d
881,3173,Erin,Weinhold,rin.weinhold@hotmail.fr
882,3333,Craig,Jord,craig.jordan@gmail.co
883,2262,Homero,Respighi,homero.respighi@gmail.co
884,1531,Fanny,Pertil,fanny.pertile@gmail.co
885,4881,Fridolin,Comboni,fridolin.comboni@graf.co
886,3928,Hugh,Cantu,hugh.cantu@libero.it
887,1803,Alphons,Simmons,phons.simmons@hotmail.co
888,2321,Ludovico,Cafarchi,udovico.cafarchia@gmail.co
889,6234,Nico,Kaiser,nico.kaiser@almonte.co
890,1422,Kirsty,Lamy,kirsty.lamy@alonzi.it
891,2660,Joshua,Scheib,joshua.scheibe@turci.org
892,5361,Carin,Pineau,carin.pineau@yahoo.co
893,3420,Ellie,Galarz,.galarza@pareto-cattaneo.net
894,4337,Marion,Lir,rion.lira@ifrance.co
895,2338,Aurelia,Angiolello,urelia.angiolello@lord.co
896,4140,Maura,Ravaglioli,ura.ravaglioli@yahoo.co
897,2373,Brunhilde,Fletcher,brunhilde.fletcher@schomber.d
898,1344,Ottfried,Marques,ottfried.marques@tyler-watson.info
899,2141,Christelle,Blasi,christelle.blasi@morris-chan.co
900,3415,Augusto,Vercelloni,ugusto.vercelloni@club-internet.fr
901,5696,Michela,Pruvost,chela.pruvost@holt.co.uk
902,1798,Guarino,Escalant,guarino.escalante@hotmail.co
903,1657,Gabriela,Padill,gabriela.padilla@pearson-russell.co
904,3651,Agathe,Dias,gathe.dias@jackson.co
905,3574,Werner,Kallert,werner.kallert@gmail.co
906,6063,Lore,Delaunay,ore.delaunay@yahoo.co
907,2404,Enzio,Campos,nzio.campos@tim.it
908,2705,Walther,Duart,walther.duarte@web.d
909,5059,Adelgunde,Trevis,delgunde.trevisan@gmail.co
910,5466,Thierry,Schwartz,thierry.schwartz@travaglio.net
911,5821,Katie,Anders,katie.andersen@haney.com.au
912,5385,Kathy,Zamorani,kathy.zamorani@hotmail.co
913,3506,Giuseppina,Tanguy,giuseppina.tanguy@wanadoo.fr
914,5427,Jack,Klapp,jack.klapp@hotmail.com.au
915,6142,Tom,Lecont,tom.leconte@woods-johnson.co
916,2873,Bonnie,Cignaroli,bonnie.cignaroli@yahoo.co
917,3916,Danny,Farrell,danny.farrell@hotmail.co
918,1687,Fiorenzo,Bauer,fiorenzo.bauer@gmail.co
919,1542,Randy,Alfieri,randy.alfieri@verri.org
920,3087,Tim,Bradley,tim.bradley@schlosser.d
921,3857,Yves,Mendez,yves.mendez@gmail.co
922,5921,Raffaella,Esquivel,raffaella.esquivel@gmail.co
923,3144,Lawrence,Vasari,wrence.vasari@castillo.edu
924,2676,Sam,Adams,sam.adams@yahoo.co
925,3646,Mirco,Nicolini,rco.nicolini@blin.net
926,1321,Graham,Bajardi,graham.bajardi@yahoo.co
927,1399,Luc,Qui,uc.quinn@walker.co
928,3169,Stella,Ullrich,stella.ullrich@hotmail.com.au
929,2058,Calcedonio,Remy,calcedonio.remy@edwards-benton.co
930,1300,Nanni,Almaraz,nanni.almaraz@martin.co
931,2075,Pascual,Corradi,pascual.corradi@lopez.net.au
932,2984,Kristi,Grant,kristi.grant@yahoo.co.uk
933,4768,Manuel,Graci,nuel.gracia@trussardi.eu
934,3682,Gionata,Hussai,gionata.hussain@yahoo.co
935,5901,Maria,Nguy,ria.nguyen@hernadez.co
936,3540,Leon,Baker,on.baker@hotmail.co
937,2225,Gianmarco,Alcaraz,gianmarco.alcaraz@zacchia.net
938,1485,Derrick,Littl,derrick.little@small.org
939,5343,Terry,Ramirez,terry.ramirez@hotmail.co.uk
940,5594,Katarina,Clark,katarina.clarke@hotmail.com.au
941,2482,Leila,Washingto,.washington@gmail.co
942,2706,Mirko,Townsend,rko.townsend@schmitt.co
943,4861,Randall,Connolly,randall.connolly@jovinelli-castelli.co
944,2961,Pia,Burgess,pia.burgess@proyectos.org
945,3043,Justine,Mancini,justine.mancini@tiscali.it
946,6103,Reynaldo,Wagenknecht,reynaldo.wagenknecht@faure.co
947,4708,Toni,Magrassi,toni.magrassi@gmail.co
948,4395,Patrizio,Cisneros,patrizio.cisneros@martinez.edu.au
949,4912,Durante,Lindner,durante.lindner@picard.fr
950,2030,Rosl,Lamborghini,rosl.lamborghini@hiller.net
951,5235,Ugo,Harriso,ugo.harrison@morley-chapman.co.uk
952,5001,Isidor,Carpenter,sidor.carpenter@chauvin.co
953,4093,Marie,Zoppetto,rie.zoppetto@kallert.d
954,2576,Branko,Chambers,branko.chambers@ifrance.co
955,6122,Alan,Pined,n.pineda@proyectos.info
956,2813,Carmen,Oestrovsky,carmen.oestrovsky@gmail.co
957,3737,Shane,Fernandez,shane.fernandez@hotmail.d
958,2803,Debbie,Guilbert,debbie.guilbert@berg.edu
959,5508,Vito,Dossi,vito.dossi@hotmail.co.uk
960,3850,Evan,Schacht,van.schacht@price.co
961,4220,Mandy,Westo,ndy.weston@free.fr
962,4532,Paulo,Zito,paulo.zito@nelson.biz
963,6013,Alberto,Girschner,berto.girschner@laboratorios.co
964,3396,Giacomo,Bouvet,giacomo.bouvet@gmail.co
965,4401,Ehrentraud,Pug,hrentraud.puga@laboratorios.co
966,2981,Cristian,Hal,cristian.hale@hotmail.co.uk
967,4467,Lilija,Charles,ja.charles@gmail.co
968,1377,Albert,Legendr,bert.legendre@lee.co
969,5036,Marisa,Renaud,risa.renaud@smith.org
970,5761,Sharon,Diallo,sharon.diallo@gmail.co
971,3699,Eduardo,Delattr,duardo.delattre@lynch.net.au
972,4519,Bernadette,Wang,bernadette.wang@gmail.co
973,5395,Dina,Gibbons,dina.gibbons@brewer.net
974,3057,Clara,Armstrong,clara.armstrong@vodafone.it
975,2741,Elliott,Herr,ott.herrmann@hotmail.com.au
976,1675,Graziella,Vidal,graziella.vidal@hotmail.co
977,2712,Francisca,Becerr,francisca.becerra@young.com.au
978,4527,Edeltrud,Boyer,deltrud.boyer@outlook.co
979,1722,Julian,Nobl,julian.noble@hill.org.au
980,4330,Christophe,Bohnbach,christophe.bohnbach@ifrance.co
981,5219,Ippazio,Angulo,ppazio.angulo@yahoo.co
982,4997,Grace,Kroker,grace.kroker@hotmail.co
983,2239,Jared,Ferguso,jared.ferguson@roberts.co
984,4587,Virginie,McL,virginie.mclean@yahoo.co
985,4113,Mason,Potter,son.potter@gmail.co
986,4762,Aaron,Anay,ron.anaya@hotmail.com.au
987,5242,Leah,Ornelas,h.ornelas@gmail.co
988,5765,Harald,Roy,harald.roy@web.d
989,2185,Micaela,Martel,caela.martel@hotmail.co
990,5500,Vincentio,Sanders,vincentio.sanders@voila.fr
991,3494,Bettina,Norbiato,bettina.norbiato@allen-lutz.org
992,3924,Julio,Renner,julio.renner@industrias.net
993,3521,Jelena,Stiffel,jelena.stiffel@trupp.d
994,5262,Guadalupe,Munoz,guadalupe.munoz@murray-hamilton.com.au
995,3684,Whitney,Noack,whitney.noack@laboratorios.org
996,5784,Gelsomina,Migliaccio,gelsomina.migliaccio@junk.co
997,1498,Evangelista,Pereir,vangelista.pereira@thompson-peterson.biz
998,6073,Gareth,Comolli,gareth.comolli@tiscali.fr
999,4939,Michelangelo,Hess,chelangelo.hess@bouygtel.fr
